epoch,test_acc,test_acc_class_1,test_acc_class_2,test_acc_class_3,test_acc_class_4,test_acc_class_5,test_acc_class_6,test_acc_class_7,test_acc_class_8,test_acc_class_9,test_acc_class_10,test_acc_class_11,test_acc_class_12,test_acc_class_13,test_acc_class_14,test_acc_class_15,test_acc_class_16,test_acc_class_17,test_acc_class_18,test_acc_class_19,test_acc_class_20,test_acc_class_21,test_acc_class_22,test_acc_class_23,test_acc_class_24,test_acc_class_25,test_acc_class_26,test_acc_class_27,test_acc_class_28,test_acc_class_29,test_acc_class_30,test_acc_class_31,test_acc_class_32,test_acc_class_33,test_acc_class_34,test_acc_class_35,test_acc_class_36,test_acc_class_37,test_acc_class_38,test_acc_class_39,test_acc_class_40,test_acc_class_41,test_acc_class_42,test_acc_class_43,test_acc_class_44,test_acc_class_45,test_acc_class_46,test_acc_class_47,test_acc_class_48,test_acc_class_49,test_acc_class_50,test_acc_class_51,test_acc_class_52,test_acc_class_53,test_acc_class_54,test_acc_class_55,test_acc_class_56,test_acc_class_57,test_acc_class_58,test_acc_class_59,test_acc_class_60,test_acc_class_61,test_acc_class_62,test_acc_class_63,test_acc_class_64,test_acc_class_65
0,56.1598681436923,89.189186,43.90244,51.851852,62.5,88.0,66.666664,40.0,33.333332,75.0,85.52631,68.115944,44.0,56.81818,35.0,82.5,52.173912,60.0,5.5555553,52.38095,44.444443,63.636364,56.52174,91.111115,10.0,21.73913,67.5,20.0,40.50633,69.565216,83.333336,44.444443,46.938774,56.862743,0.0,28.571428,12.5,77.77778,83.67347,23.809525,40.0,31.578947,63.157894,55.0,38.46154,21.052631,44.444443,25.0,55.31915,65.30612,80.0,55.0,70.0,83.333336,53.658535,60.869564,55.0,75.0,56.52174,62.5,37.5,52.272728,27.906977,65.0,38.095238,50.0
1,57.23114957365422,90.54054,41.463413,51.851852,60.0,93.333336,66.666664,45.0,42.424244,70.0,76.31579,59.420288,44.0,56.81818,45.0,77.5,39.130436,53.333332,5.5555553,61.904762,48.88889,63.636364,47.826088,90.0,20.0,17.391304,67.5,35.0,50.63291,67.391304,94.44444,50.0,53.061226,64.70588,0.0,16.666666,21.875,77.77778,85.71429,33.333332,30.0,36.842106,57.894737,65.0,38.46154,15.789474,55.555557,25.0,59.574467,61.22449,73.333336,60.0,80.0,69.04762,56.09756,63.04348,55.0,75.0,58.695652,67.5,56.25,54.545456,25.581396,70.0,38.095238,56.25
