epoch,test_acc,test_acc_class_1,test_acc_class_2,test_acc_class_3,test_acc_class_4,test_acc_class_5,test_acc_class_6,test_acc_class_7,test_acc_class_8,test_acc_class_9,test_acc_class_10,test_acc_class_11,test_acc_class_12,test_acc_class_13,test_acc_class_14,test_acc_class_15,test_acc_class_16,test_acc_class_17,test_acc_class_18,test_acc_class_19,test_acc_class_20,test_acc_class_21,test_acc_class_22,test_acc_class_23,test_acc_class_24,test_acc_class_25,test_acc_class_26,test_acc_class_27,test_acc_class_28,test_acc_class_29,test_acc_class_30,test_acc_class_31,test_acc_class_32,test_acc_class_33,test_acc_class_34,test_acc_class_35,test_acc_class_36,test_acc_class_37,test_acc_class_38,test_acc_class_39,test_acc_class_40,test_acc_class_41,test_acc_class_42,test_acc_class_43,test_acc_class_44,test_acc_class_45,test_acc_class_46,test_acc_class_47,test_acc_class_48,test_acc_class_49,test_acc_class_50,test_acc_class_51,test_acc_class_52,test_acc_class_53,test_acc_class_54,test_acc_class_55,test_acc_class_56,test_acc_class_57,test_acc_class_58,test_acc_class_59,test_acc_class_60,test_acc_class_61,test_acc_class_62,test_acc_class_63,test_acc_class_64,test_acc_class_65
0,65.87101216433325,77.906975,78.78788,31.25,73.49397,98.9899,85.89744,55.0,76.712326,97.05882,87.878784,92.708336,16.923077,53.125,68.42105,80.821915,40.322582,64.70588,13.953488,83.950615,71.666664,68.965515,32.941177,100.0,50.877193,38.88889,76.666664,69.23077,91.666664,72.22222,78.666664,89.156624,52.564102,82.089554,21.73913,57.74648,52.173912,83.333336,89.655174,55.882355,56.25,60.0,47.058823,58.46154,67.79661,22.38806,98.07692,22.64151,75.757576,54.666668,80.48781,89.61039,66.666664,54.545456,67.53247,90.90909,57.142857,43.209877,62.962963,58.490566,52.542374,79.268295,14.117647,47.761192,60.493828,61.22449
1,66.69726876291026,79.06977,85.85859,31.25,72.289154,98.9899,93.589745,51.25,73.9726,95.588234,80.80808,93.75,20.0,50.0,64.47369,72.60274,41.935482,66.666664,16.27907,86.419754,73.333336,68.965515,25.882353,100.0,52.63158,44.444443,81.666664,82.69231,91.666664,76.388885,84.0,84.33735,52.564102,88.0597,4.347826,54.929577,58.695652,85.0,91.37931,57.35294,54.6875,63.333332,51.47059,64.61539,76.27119,22.38806,100.0,18.867924,80.30303,62.666668,80.48781,89.61039,66.666664,53.030304,61.03896,90.90909,53.968254,41.975307,68.51852,67.92453,52.542374,82.92683,15.294118,55.22388,56.790123,59.183674
