epoch,test_acc,test_acc_class_1,test_acc_class_2,test_acc_class_3,test_acc_class_4,test_acc_class_5,test_acc_class_6,test_acc_class_7,test_acc_class_8,test_acc_class_9,test_acc_class_10,test_acc_class_11,test_acc_class_12,test_acc_class_13,test_acc_class_14,test_acc_class_15,test_acc_class_16,test_acc_class_17,test_acc_class_18,test_acc_class_19,test_acc_class_20,test_acc_class_21,test_acc_class_22,test_acc_class_23,test_acc_class_24,test_acc_class_25,test_acc_class_26,test_acc_class_27,test_acc_class_28,test_acc_class_29,test_acc_class_30,test_acc_class_31,test_acc_class_32,test_acc_class_33,test_acc_class_34,test_acc_class_35,test_acc_class_36,test_acc_class_37,test_acc_class_38,test_acc_class_39,test_acc_class_40,test_acc_class_41,test_acc_class_42,test_acc_class_43,test_acc_class_44,test_acc_class_45,test_acc_class_46,test_acc_class_47,test_acc_class_48,test_acc_class_49,test_acc_class_50,test_acc_class_51,test_acc_class_52,test_acc_class_53,test_acc_class_54,test_acc_class_55,test_acc_class_56,test_acc_class_57,test_acc_class_58,test_acc_class_59,test_acc_class_60,test_acc_class_61,test_acc_class_62,test_acc_class_63,test_acc_class_64,test_acc_class_65
0,48.65979380831549,75.0,41.07143,43.75,40.816326,87.878784,40.40404,32.876713,91.304344,50.0,39.39394,52.525253,52.5,32.32323,57.8125,90.47619,19.512196,50.0,5.0,92.68293,68.0,87.5,70.0,56.565655,38.38384,31.147541,75.0,33.333332,49.275364,77.5,37.373737,58.490566,82.5,93.93939,7.0422535,52.525253,35.0,57.894737,69.69697,19.27711,37.5,68.62745,72.5,19.19192,37.373737,9.756098,52.87356,65.0,60.869564,52.5,71.64179,64.64646,49.333332,45.238094,21.428572,39.534885,37.704918,65.55556,15.0,26.262627,70.0,19.19192,64.10256,12.121212,43.396225,45.0
1,49.96563573271412,83.333336,37.5,29.6875,48.97959,89.89899,45.454544,41.09589,93.478264,51.28205,45.454544,49.49495,55.0,27.272728,68.75,88.09524,17.073172,54.166668,5.0,92.68293,72.0,85.0,82.5,71.71717,20.20202,32.786884,80.76923,45.454544,59.420288,82.5,36.363636,56.603775,80.0,92.92929,2.8169014,68.68687,32.5,48.68421,67.676765,20.481928,60.0,72.54902,60.0,21.212122,34.343433,14.634147,45.977013,65.0,63.04348,62.5,65.67164,54.545456,46.666668,54.761906,23.809525,58.139534,36.065575,56.666668,25.0,26.262627,67.5,24.242424,58.974358,17.171717,41.509434,47.5
