epoch,test_acc,test_acc_class_1,test_acc_class_2,test_acc_class_3,test_acc_class_4,test_acc_class_5,test_acc_class_6,test_acc_class_7,test_acc_class_8,test_acc_class_9,test_acc_class_10,test_acc_class_11,test_acc_class_12,test_acc_class_13,test_acc_class_14,test_acc_class_15,test_acc_class_16,test_acc_class_17,test_acc_class_18,test_acc_class_19,test_acc_class_20,test_acc_class_21,test_acc_class_22,test_acc_class_23,test_acc_class_24,test_acc_class_25,test_acc_class_26,test_acc_class_27,test_acc_class_28,test_acc_class_29,test_acc_class_30,test_acc_class_31
0,65.92119275825345,73.91304,97.560974,95.833336,79.268295,63.88889,93.61702,85.71429,57.73196,18.556702,61.728394,84.84849,85.0,89.0,33.67347,39.0,90.90909,93.0,90.42553,72.916664,61.05263,41.935482,92.0,90.81633,22.44898,56.666668,61.333332,49.0,53.535355,20.20202,58.333332,29.6875
4,66.5956691515797,73.91304,97.560974,98.611115,70.731705,52.77778,87.23404,86.81319,52.57732,17.525774,65.4321,90.90909,86.0,90.0,38.77551,64.0,90.90909,90.0,87.23404,68.75,63.157894,54.83871,89.0,83.67347,23.469387,62.22222,69.333336,48.0,48.484848,21.212122,46.875,42.1875
