epoch,test_acc,test_acc_class_1,test_acc_class_2,test_acc_class_3,test_acc_class_4,test_acc_class_5,test_acc_class_6,test_acc_class_7,test_acc_class_8,test_acc_class_9,test_acc_class_10,test_acc_class_11,test_acc_class_12,test_acc_class_13,test_acc_class_14,test_acc_class_15,test_acc_class_16,test_acc_class_17,test_acc_class_18,test_acc_class_19,test_acc_class_20,test_acc_class_21,test_acc_class_22,test_acc_class_23,test_acc_class_24,test_acc_class_25,test_acc_class_26,test_acc_class_27,test_acc_class_28,test_acc_class_29,test_acc_class_30,test_acc_class_31
0,64.74973375931842,88.04348,96.34146,97.22222,90.243904,50.0,88.297874,90.10989,41.237114,15.463918,60.493828,89.89899,83.0,72.0,45.918365,81.0,91.91919,92.0,84.04256,16.666666,64.210526,40.860214,80.0,86.734695,14.285714,66.666664,73.333336,43.0,53.535355,32.32323,38.541668,42.1875
1,64.99822506212283,82.608696,97.560974,98.611115,74.39024,55.555557,86.17021,86.81319,48.45361,19.58763,74.07407,87.878784,83.0,82.0,38.77551,86.0,91.91919,85.0,88.297874,25.0,58.94737,45.16129,72.0,89.79592,16.32653,54.444443,74.666664,47.0,52.525253,35.353535,42.708332,37.5
4,66.13418530351437,86.95652,97.560974,98.611115,81.70731,55.555557,88.297874,89.01099,55.670105,21.649485,61.728394,90.90909,84.0,85.0,52.040817,81.0,92.92929,91.0,79.78723,26.041666,62.105263,44.08602,86.0,76.53061,18.367348,53.333332,73.333336,48.0,60.60606,31.313131,40.625,34.375
